# opcode	host function (generated: tools/fifo_opcodes.py re/sfl/pix_trk_ctrl.asm)
0x0001	SendViewMAT
0x0002	SendViewROT
0x0003	SendViewPOS
0x0004	SendViewLIST
0x0005	SendWindow
0x0006	SendPalette
0x0007	SendLightSource
0x0008	SendTexture
0x0009	SendWindowSwitch
0x000a	SendModel
0x000b	SendModelID
0x000c	SendModelMAT
0x000d	SendModelROT
0x000e	SendModelPOS
0x000f	SendModelPALETTE
0x0010	SendModelOTHER
0x0011	SendRender
0x0012	RenderSwap
0x0013	SetDrawBuffer
0x0014	SetDisplayBuffer
0x0015	SwapBuffers
0x0016	SwapClearBuffers
0x0017	DrawPoint
0x0018	DrawLine
0x0019	DrawCircle
0x001a	DrawRectangle
0x001b	DrawPolyLine
0x001c	FillRectangle
0x001d	FillCircle
0x001e	FillTrapezoid
0x001f	SetPenColor
0x0020	SetLinePattern
0x0021	DrawBitmap
0x0023	SetBufferClearMode
0x0024	SetClippingWindow
0x0025	ReadPixel
0x0026	SendModelSCALE
0x0027	SetPixel
0x0028	SetDrawBufferOffset
0x0029	ModifyModelPriority
0x002a	SendModelDATA
0x002b	SendMaterial
0x002c	SetDepthCue
0x002d	SyncRender
0x0030	RenderToTexture
0x0036	CloseFLIC, ReadNextFLICFrame
0x0037	ModifyModelID
0x0038	RenderToBitmap
0x003a	SyncRenderFLIC
0x003b	CopyArea
0x003d	SetZoomFactor
0x003e	DownloadColourPalettes
0x003f	SetTwinkleFrame
0x0040	FillTranslucentRectangle
0x0041	DisableDepthCue
0x0042	SetTextureClipAngle
